Image,Alt,Size
https://images.unsplash.com/photo-1540575467063-178a50c2df87?auto=format&fit=crop&q=80&w=800,Hackathon Coding,large
https://images.unsplash.com/photo-1517245386807-bb43f82c33c4?auto=format&fit=crop&q=80&w=800,Workshop Session,small
https://images.unsplash.com/photo-1515187029135-18ee286d815b?auto=format&fit=crop&q=80&w=800,VR Demo,medium
https://images.unsplash.com/photo-1591115765373-5207764f72e7?auto=format&fit=crop&q=80&w=800,Team Meeting,small
https://images.unsplash.com/photo-1531482615713-2afd69097998?auto=format&fit=crop&q=80&w=800,Keynote Speaker,large
https://images.unsplash.com/photo-1550751827-4bd374c3f58b?auto=format&fit=crop&q=80&w=800,Tech Setup,medium
https://images.unsplash.com/photo-1505373877841-8d25f7d46678?auto=format&fit=crop&q=80&w=800,Robotics Club,large
https://images.unsplash.com/photo-1523240795612-9a054b0db644?auto=format&fit=crop&q=80&w=800,Group Discussion,small
https://images.unsplash.com/photo-1504384308090-c54be3855091?auto=format&fit=crop&q=80&w=800,Networking,medium
